9,r0S1t2U3v4W5x6Y,Daniel,Harris,Male,daniel.harris@example.com,888-999-0000,1975-12-01,Consultant
8,c7D8e9F0g1H2i3J,Robert,Davis,Male,robert.davis@example.com,444-555-6666,1970-08-30,Architect
7,t3U4v5W6x7Y8z9A,Emily,Moore,Female,emily.moore@example.com,777-888-9999,1984-05-17,Lawyer
5,w6X7y8Z9a0B1c2D,Steven,Clark,Male,steven.clark@example.com,666-777-8888,1991-11-11,Accountant
10,f8G9h0I1j2K3l4M,Laura,Martin,Female,laura.martin@example.com,999-000-1111,1989-07-07,Writer
4,y9Z0a1B2c3D4e5F,Jennifer,Lopez,Female,jennifer.lopez@example.com,333-444-5555,1987-03-22,Singer
6,j2K3l4M5n6O7p8Q,William,Walker,Male,william.walker@example.com,456-789-0123,1990-02-28,Engineer
5,o6P7q8R9s0T1u2V,David,Brown,Male,david.brown@example.com,321-654-9870,1995-01-30,Designer
1,p5Q6r7S8t9U0v1W,Alice,Taylor,Female,alice.taylor@example.com,111-222-3333,1980-02-14,Scientist
1,x8Y9z0A1b2C3d4E,John,Smith,Male,john.smith@example.com,987-654-3210,1975-03-10,Doctor
8,i9J0k1L2m3N4o5P,Michael,Chen,Male,michael.chen@example.com,555-123-4567,1985-11-22,Engineer
2,k2L3m4N5o6P7q8R,Mark,Wilson,Male,mark.wilson@example.com,222-333-4444,1993-10-05,Programmer
7,m1N2o3P4q5R6s7T,James,Lee,Male,james.lee@example.com,654-987-3210,1988-12-12,Analyst
4,n6O7p8Q9r0S1t2U,Chris,Evans,Male,chris.evans@example.com,678-901-2345,1981-06-13,Actor
3,q2W3e4R5t6Y7u8I,Sarah,Johnson,Female,sarah.j@example.com,456-789-1234,1982-07-19,Teacher
6,p5Q6r7S8t9U0v1W,Alice,Taylor,Female,alice.taylor@example.com,111-222-3333,1980-02-14,Scientist
3,c7D8e9F0g1H2i3J,Robert,Davis,Male,robert.davis@example.com,444-555-6666,1970-08-30,Architect
2,b4C5d6E7f8G9h0I,Olivia,Brown,Female,olivia.brown@example.com,234-567-8901,1996-09-09,Nurse
9,u8V9w0X1y2Z3a4B,Amy,Wilson,Female,amy.wilson@example.com,147-258-3690,1992-06-25,Consultant
Index,User Id,First Name,Last Name,Sex,Email,Phone,Date of birth,Job Title
