Index,User Id,First Name,Last Name,Sex,Email,Phone,Date of birth,Job Title
1,p5Q6r7S8t9U0v1W,Alice,Taylor,Female,alice.taylor@example.com,111-222-3333,1980-02-14,Scientist
2,k2L3m4N5o6P7q8R,Mark,Wilson,Male,mark.wilson@example.com,222-333-4444,1993-10-05,Programmer
3,q2W3e4R5t6Y7u8I,Sarah,Johnson,Female,sarah.j@example.com,456-789-1234,1982-07-19,Teacher
4,y9Z0a1B2c3D4e5F,Jennifer,Lopez,Female,jennifer.lopez@example.com,333-444-5555,1987-03-22,Singer
5,w6X7y8Z9a0B1c2D,Steven,Clark,Male,steven.clark@example.com,666-777-8888,1991-11-11,Accountant
6,j2K3l4M5n6O7p8Q,William,Walker,Male,william.walker@example.com,456-789-0123,1990-02-28,Engineer
7,t3U4v5W6x7Y8z9A,Emily,Moore,Female,emily.moore@example.com,777-888-9999,1984-05-17,Lawyer
8,c7D8e9F0g1H2i3J,Robert,Davis,Male,robert.davis@example.com,444-555-6666,1970-08-30,Architect
9,r0S1t2U3v4W5x6Y,Daniel,Harris,Male,daniel.harris@example.com,888-999-0000,1975-12-01,Consultant
10,f8G9h0I1j2K3l4M,Laura,Martin,Female,laura.martin@example.com,999-000-1111,1989-07-07,Writer